email,first_name,last_name
dritch0@arizona.edu,Dyan,Ritch
hgheorghie1@twitter.com,Hal,Gheorghie
jyewdell2@ucoz.com,Jarib,Yewdell
oohdirscoll3@vkontakte.ru,Olvan,O'Hdirscoll
sraimbauld4@pagesperso-orange.fr,Starla,Raimbauld
vcushion5@yale.edu,Vernice,Cushion
cwetter6@paypal.com,Caterina,Wetter
kbairnsfather7@nymag.com,Kendrick,Bairnsfather
teliez8@umn.edu,Tiffy,Eliez
kcotty9@domainmarket.com,Kristofer,Cotty
codonoghuea@seattletimes.com,Chilton,O'Donoghue
hreveningb@fastcompany.com,Hetty,Revening
bhallewellc@bing.com,Bryna,Hallewell
hmarriottd@mashable.com,Hagen,Marriott
bocarrane@cnet.com,Burty,O'Carran
gdawdryf@umn.edu,Gordy,Dawdry
bmargrieg@statcounter.com,Barbey,Margrie
fhazeltineh@w3.org,Fay,Hazeltine
xoferi@blogger.com,Xerxes,Ofer
rteresij@indiatimes.com,Rikki,Teresi
espringk@go.com,Eleonora,Spring
bdurl@arizona.edu,Bee,Dur
jskurraym@aol.com,Jeniece,Skurray
rdymentn@nature.com,Ruttger,Dyment
rcanavano@reuters.com,Randi,Canavan
ktuddenhamp@businesswire.com,Karisa,Tuddenham
collerq@wp.com,Cassey,Oller
mcassidyr@amazonaws.com,Melisse,Cassidy
tashcrofts@npr.org,Tamma,Ashcroft
baubreyt@netlog.com,Brit,Aubrey
skingtonu@prlog.org,Sydney,Kington
dtiltmanv@fastcompany.com,Darelle,Tiltman
bmcguffogw@msu.edu,Brear,McGuffog
cbigginsx@free.fr,Catherin,Biggins
korcotty@paginegialle.it,Korey,Orcott
cconyersz@bandcamp.com,Curr,Conyers
ociabatteri10@umn.edu,Othelia,Ciabatteri
pridgedell11@twitpic.com,Pearle,Ridgedell
dcarlick12@tamu.edu,Daniel,Carlick
ltutton13@bing.com,Lil,Tutton
vlemmon14@google.es,Verine,Lemmon
ksemarke15@domainmarket.com,Kippie,Semarke
vslorance16@who.int,Vladimir,Slorance
gjennens17@psu.edu,Grantham,Jennens
dcesconi18@sitemeter.com,Dougy,Cesconi
kpacke19@china.com.cn,Karisa,Packe
bburdis1a@ycombinator.com,Bogey,Burdis
lboddie1b@fc2.com,Lauren,Boddie
mpoytheras1c@soundcloud.com,Mina,Poytheras
sfitzsimons1d@si.edu,Sophia,Fitzsimons
eilyenko1e@slideshare.net,Elfie,Ilyenko
cwolfarth1f@digg.com,Carlyle,Wolfarth
ddeaconson1g@si.edu,Dacie,Deaconson
osaill1h@harvard.edu,Orlando,Saill
skelloway1i@bigcartel.com,Sylvia,Kelloway
cmansell1j@noaa.gov,Colleen,Mansell
rjoselevitz1k@mashable.com,Rachelle,Joselevitz
bratter1l@indiegogo.com,Barbie,Ratter
adoore1m@ftc.gov,Audra,Doore
rdufton1n@eepurl.com,Robbi,Dufton
tpender1o@geocities.com,Timothea,Pender
rtadd1p@gizmodo.com,Robinson,Tadd
aromeo1q@java.com,Adan,Romeo
avandevlies1r@adobe.com,Angie,Van de Vlies
jpasfield1s@yellowpages.com,Julian,Pasfield
acorkill1t@cmu.edu,Ashlen,Corkill
naizik1u@blogs.com,Nannette,Aizik
cwinfred1v@qq.com,Cesaro,Winfred
amaybey1w@kickstarter.com,Ansel,Maybey
sgrimwad1x@barnesandnoble.com,Sabra,Grimwad
twhithorn1y@yellowpages.com,Tracee,Whithorn
mheggman1z@springer.com,Malorie,Heggman
lduplantier20@blog.com,Lauri,Du Plantier
jodee21@newsvine.com,James,O'Dee
alongworthy22@flickr.com,Ardelia,Longworthy
cwerrett23@homestead.com,Cathleen,Werrett
ppaute24@ning.com,Pat,Paute
tdemerida25@google.co.uk,Tommy,de Merida
cgibben26@cnn.com,Curtis,Gibben
dsagar27@psu.edu,Dannie,Sagar
vdaborn28@pagesperso-orange.fr,Vaclav,Daborn
jvarnes29@opera.com,Jobie,Varnes
gjovic2a@nature.com,Glyn,Jovic
kpentercost2b@posterous.com,Kristi,Pentercost
cgarioch2c@google.ca,Caria,Garioch
terrett2d@ebay.com,Toddy,Errett
vdelgardillo2e@ebay.com,Verney,Delgardillo
ucondy2f@hp.com,Udell,Condy
ilevet2g@xing.com,Indira,Levet
smoncreif2h@networksolutions.com,Shawn,Moncreif
dmegarry2i@devhub.com,Dominique,Megarry
enorris2j@ted.com,Eadmund,Norris
ckester2k@plala.or.jp,Carmencita,Kester
jisaaksohn2l@theglobeandmail.com,Jeniece,Isaaksohn
vstillwell2m@tiny.cc,Vaughn,Stillwell
istace2n@wordpress.org,Isabelita,Stace
ecathrae2o@hugedomains.com,Ellyn,Cathrae
spharrow2p@baidu.com,Shannen,Pharrow
eshieber2q@va.gov,Ealasaid,Shieber
cbruhnicke2r@tinyurl.com,Colby,Bruhnicke
hhaig2s@alibaba.com,Haleigh,Haig
kalkin2t@accuweather.com,Kenny,Alkin
mreuter2u@newsvine.com,Mitchel,Reuter
jveldstra2v@vk.com,Jenna,Veldstra
sdorney2w@hubpages.com,Silvio,Dorney
dnutting2x@google.de,Dominga,Nutting
mkilby2y@parallels.com,Maxy,Kilby
rgiordano2z@hatena.ne.jp,Rosabel,Giordano
sleindecker30@amazon.com,Sterne,Leindecker
dgotobed31@google.nl,Dotti,Gotobed
aiceton32@theglobeandmail.com,Ashlen,Iceton
aamor33@huffingtonpost.com,Averyl,Amor
calsina34@friendfeed.com,Clarke,Alsina
ecoogan35@addthis.com,Em,Coogan
pguitte36@acquirethisname.com,Pierce,Guitte
fknoton37@whitehouse.gov,Franz,Knoton
halyokhin38@paypal.com,Harvey,Alyokhin
tblackwood39@comcast.net,Tatiania,Blackwood
strebble3a@clickbank.net,Sayre,Trebble
jsneezem3b@google.co.uk,Jeth,Sneezem
mcawsby3c@gravatar.com,Millard,Cawsby
rvilla3d@europa.eu,Reese,Villa
stopley3e@statcounter.com,Sal,Topley
credington3f@apple.com,Collete,Redington
jbiasini3g@nymag.com,Jeremie,Biasini
vcromblehome3h@yolasite.com,Vassili,Cromblehome
vligoe3i@netvibes.com,Vladamir,Ligoe
eminshaw3j@intel.com,Ernestus,Minshaw
amccallister3k@engadget.com,Angel,McCallister
bhawick3l@discovery.com,Baird,Hawick
tbarks3m@people.com.cn,Talyah,Barks
tdriffill3n@miitbeian.gov.cn,Trixy,Driffill
jbelamy3o@miibeian.gov.cn,Janaya,Belamy
bharnes3p@furl.net,Bryanty,Harnes
jbrundall3q@sina.com.cn,Janeva,Brundall
gbarkas3r@list-manage.com,Gal,Barkas
ltweedell3s@imgur.com,Lorri,Tweedell
jcalcott3t@ox.ac.uk,Jarvis,Calcott
fosgood3u@nba.com,Fonzie,Osgood
aandrosik3v@intel.com,Aaren,Androsik
kduell3w@shutterfly.com,Korrie,Duell
tjumel3x@miitbeian.gov.cn,Teodor,Jumel
jbalchen3y@nsw.gov.au,Johny,Balchen
mshulver3z@hubpages.com,Marcellina,Shulver
brosgen40@technorati.com,Bidget,Rosgen
cboxall41@dropbox.com,Clementia,Boxall
braven42@unicef.org,Bard,Raven
mjoisce43@tumblr.com,Mufi,Joisce
flamport44@skype.com,Fifi,Lamport
vcowpe45@ted.com,Vanessa,Cowpe
bleel46@usatoday.com,Brigham,Leel
erisby47@gizmodo.com,Everett,Risby
pdelcastello48@tinyurl.com,Pren,Del Castello
chews49@bing.com,Cletis,Hews
whowland4a@mapy.cz,Wiley,Howland
cmateu4b@g.co,Claresta,Mateu
glaraway4c@ucla.edu,Galven,Laraway
rpridham4d@webnode.com,Rustie,Pridham
bfilintsev4e@hexun.com,Bertram,Filintsev
terie4f@homestead.com,Tommie,Erie
ostrowan4g@gov.uk,Odelia,Strowan
nomailey4h@exblog.jp,Norry,O'Mailey
cbabbe4i@cnn.com,Carlin,Babbe
hdurdan4j@cmu.edu,Hedy,Durdan
tbellchamber4k@multiply.com,Tallulah,Bellchamber
akellogg4l@quantcast.com,Anna-diane,Kellogg
wtassell4m@baidu.com,Winny,Tassell
amowen4n@uol.com.br,Adiana,Mowen
rhuckerby4o@nsw.gov.au,Remus,Huckerby
adrissell4p@1und1.de,Aeriela,Drissell
lelms4q@scientificamerican.com,Livvy,Elms
tspellworth4r@slashdot.org,Tammi,Spellworth
mluce4s@php.net,Mame,Luce
eschade4t@ucoz.ru,Eduard,Schade
candreu4u@businesswire.com,Christabel,Andreu
svinnicombe4v@ebay.co.uk,Sara-ann,Vinnicombe
etrodler4w@nifty.com,Eulalie,Trodler
mfilippi4x@economist.com,Mareah,Filippi
spitway4y@webs.com,Selena,Pitway
gbouda4z@ustream.tv,Greta,Bouda
cturrell50@youtube.com,Cati,Turrell
fmachostie51@spotify.com,Flin,MacHostie
kjuanico52@nps.gov,Kalle,Juanico
hthraves53@usa.gov,Hilde,Thraves
mblanche54@infoseek.co.jp,Malachi,Blanche
mstivers55@netscape.com,Maddie,Stivers
nandrault56@constantcontact.com,Nadia,Andrault
tfiloniere57@answers.com,Tybalt,Filoniere
jcavanagh58@ning.com,Jenn,Cavanagh
anarrie59@archive.org,Ambrosi,Narrie
bellingford5a@posterous.com,Becca,Ellingford
ckunkel5b@bloomberg.com,Caye,Kunkel
fcoates5c@telegraph.co.uk,Flossy,Coates
akelsell5d@elegantthemes.com,Angil,Kelsell
rminear5e@naver.com,Rhody,Minear
mquadrio5f@sitemeter.com,Michal,Quadrio
ncallf5g@businessinsider.com,Noreen,Callf
abaline5h@cmu.edu,Alonzo,Baline
fchilvers5i@patch.com,Fawne,Chilvers
nede5j@multiply.com,Nathanial,Ede
htremonte5k@princeton.edu,Hale,Tremonte
aheephy5l@guardian.co.uk,Alessandra,Heephy
amingus5m@webs.com,Althea,Mingus
psambidge5n@hexun.com,Payton,Sambidge
jscare5o@google.nl,Joaquin,Scare
dgrestye5p@mlb.com,Deborah,Grestye
kfawbert5q@ehow.com,Keefe,Fawbert
cskynner5r@narod.ru,Christie,Skynner
cstobbe5s@sohu.com,Christin,Stobbe
achiles5t@typepad.com,Aguistin,Chiles
gsadgrove5u@rambler.ru,Garek,Sadgrove
wainsley5v@flickr.com,Wells,Ainsley
mhabben5w@nih.gov,Morie,Habben
tpeevor5x@blogs.com,Terza,Peevor
rdurgan5y@cnn.com,Rebekah,Durgan
jframe5z@1688.com,Jemmy,Frame
gaugustine60@state.tx.us,Gianni,Augustine
gsunock61@vinaora.com,Grissel,Sunock
cdishman62@is.gd,Charmane,Dishman
rstede63@telegraph.co.uk,Roderick,Stede
lwitling64@weebly.com,Lib,Witling
ckennifick65@nymag.com,Carling,Kennifick
cfleote66@sogou.com,Catrina,Fleote
amacdonogh67@fema.gov,Ashleigh,MacDonogh
valdren68@yahoo.com,Vally,Aldren
acossam69@tinypic.com,Annadiane,Cossam
emabe6a@instagram.com,Erwin,Mabe
lhare6b@msn.com,Lianna,Hare
kcaldecott6c@msu.edu,Kandy,Caldecott
mteodorski6d@devhub.com,Mathilda,Teodorski
jsquibb6e@qq.com,Jeanne,Squibb
bmacsporran6f@cloudflare.com,Brigida,MacSporran
cobrian6g@cornell.edu,Carol,O'Brian
wmarfield6h@fema.gov,Welbie,Marfield
adusting6i@wix.com,Allie,Dusting
aandreacci6j@nih.gov,Adele,Andreacci
atilsley6k@sphinn.com,Arielle,Tilsley
mfigiovanni6l@indiegogo.com,Marysa,Figiovanni
rtansey6m@plala.or.jp,Rosamond,Tansey
btoone6n@gizmodo.com,Brewer,Toone
mjestico6o@cnbc.com,Monica,Jestico
acornejo6p@quantcast.com,Andie,Cornejo
vwaterstone6q@microsoft.com,Virgie,Waterstone
nreynolds6r@marketwatch.com,Nealon,Reynolds
amccuffie6s@ucla.edu,Alphonso,McCuffie
atolman6t@archive.org,Ashien,Tolman
khares6u@t.co,Karol,Hares
cparratt6v@devhub.com,Cirillo,Parratt
sealles6w@illinois.edu,Sherwin,Ealles
hbris6x@state.tx.us,Ham,Bris
cdavidovitch6y@feedburner.com,Constantino,Davidovitch
cscamwell6z@newyorker.com,Cordey,Scamwell
iwais70@java.com,Issy,Wais
gcubbin71@homestead.com,Gabie,Cubbin
amynett72@businesswire.com,Adrianna,Mynett
dbeiderbecke73@flavors.me,De witt,Beiderbecke
rdebellis74@dell.com,Ross,De Bellis
dlanglois75@seesaa.net,Debra,L' Anglois
jburnip76@opera.com,Joelle,Burnip
kriedel77@unblog.fr,Kamila,Riedel
divatts78@wsj.com,Daveen,Ivatts
dlakeman79@theatlantic.com,Donna,Lakeman
bheims7a@pcworld.com,Brook,Heims
ceschelle7b@taobao.com,Chrissie,Eschelle
niacovides7c@google.de,Noah,Iacovides
seatttok7d@stumbleupon.com,Spence,Eatttok
wsywell7e@github.com,Ware,Sywell
atattersfield7f@google.com.br,Alta,Tattersfield
rchristoffersen7g@vkontakte.ru,Roselle,Christoffersen
sbilston7h@jugem.jp,Susannah,Bilston
rromme7i@booking.com,Rosemonde,Romme
pliddell7j@wufoo.com,Pam,Liddell
homullane7k@123-reg.co.uk,Haslett,O' Mullane
gbrimfield7l@apple.com,Guenevere,Brimfield
nfilipovic7m@sciencedaily.com,Norine,Filipovic
thayen7n@house.gov,Taber,Hayen
sault7o@nps.gov,Stacia,Ault
ltatton7p@umn.edu,Laina,Tatton
hdreghorn7q@npr.org,Holly-anne,Dreghorn
sbutterley7r@deviantart.com,Sammy,Butterley
tdrakeford7s@blog.com,Thebault,Drakeford
mjellis7t@un.org,Maurizia,Jellis
ddurnall7u@topsy.com,Druci,Durnall
lenriques7v@odnoklassniki.ru,Lotti,Enriques
hoverington7w@vinaora.com,Horatius,Overington
ytrew7x@hud.gov,Yvon,Trew
legdale7y@omniture.com,Lonni,Egdale
jcarlett7z@vk.com,Jerald,Carlett
mpollack80@alibaba.com,Merv,Pollack
bvarley81@goo.ne.jp,Birch,Varley
dcaney82@slideshare.net,Dianne,Caney
dkeast83@geocities.com,Debera,Keast
sswash84@miibeian.gov.cn,Stepha,Swash
ifitzgerald85@mtv.com,Ignatius,Fitzgerald
gdechastelain86@rediff.com,Guido,de Chastelain
khilland87@slideshare.net,Karlene,Hilland
nkitchin88@deviantart.com,Nap,Kitchin
rrobiou89@trellian.com,Ramona,Robiou
atrowsdale8a@utexas.edu,Antonia,Trowsdale
zdemschke8b@imgur.com,Zsa zsa,Demschke
drockcliffe8c@rambler.ru,Dulcia,Rockcliffe
akusick8d@china.com.cn,Andy,Kusick
ppilpovic8e@comcast.net,Patricia,Pilpovic
igrzelczyk8f@admin.ch,Isidora,Grzelczyk
ftimpany8g@discuz.net,Fair,Timpany
cdenisovo8h@blogspot.com,Caye,Denisovo
cshane8i@un.org,Cindelyn,Shane
dchesser8j@forbes.com,Darcy,Chesser
kmcelrath8k@nps.gov,Katey,McElrath
vhawksworth8l@amazonaws.com,Vanya,Hawksworth
pgarnham8m@google.com.au,Phillipp,Garnham
rkrop8n@marriott.com,Revkah,Krop
randrysek8o@guardian.co.uk,Raynell,Andrysek
vskaid8p@elegantthemes.com,Virgie,Skaid
mwykes8q@spotify.com,Mariana,Wykes
ygofforth8r@seattletimes.com,Ynes,Gofforth
hblackaby8s@wikimedia.org,Hillery,Blackaby
hkoch8t@nyu.edu,Hannis,Koch
nbuckley8u@bbb.org,Nerissa,Buckley
aklement8v@myspace.com,Ardis,Klement
rrydeard8w@altervista.org,Roselle,Rydeard
apetren8x@arizona.edu,Arlen,Petren
bbover8y@huffingtonpost.com,Benoit,Bover
alandre8z@g.co,Arlinda,Landre
ejunkinson90@wordpress.com,Ellynn,Junkinson
bledner91@1und1.de,Bonni,Ledner
atrevon92@salon.com,Alta,Trevon
jroughan93@about.me,Jocko,Roughan
fgeroldi94@msn.com,Frederick,Geroldi
hbuckthought95@state.gov,Heddi,Buckthought
msawart96@dmoz.org,Merla,Sawart
flangsbury97@comcast.net,Filide,Langsbury
rdossit98@nsw.gov.au,Reginauld,Dossit
mhallick99@newyorker.com,Maxy,Hallick
mbenner9a@yale.edu,Maryjo,Benner
nkubicki9b@nbcnews.com,Nial,Kubicki
adinsell9c@yale.edu,Annetta,Dinsell
chaylock9d@ucla.edu,Channa,Haylock
kcarleman9e@webnode.com,Kaja,Carleman
rgrimsell9f@geocities.jp,Rica,Grimsell
pskudder9g@sakura.ne.jp,Paquito,Skudder
cpeskin9h@latimes.com,Cecilla,Peskin
sbilbie9i@usa.gov,Shanda,Bilbie
sgrigsby9j@noaa.gov,Stanford,Grigsby
mgodridge9k@webs.com,Mallorie,Godridge
fconsidine9l@ocn.ne.jp,Franciskus,Considine
ddanniel9m@boston.com,Danice,Danniel
btisun9n@angelfire.com,Bertram,Tisun
mhartly9o@webs.com,Maudie,Hartly
mkeese9p@nih.gov,Mada,Keese
cthormwell9q@gov.uk,Catriona,Thormwell
cspurr9r@irs.gov,Carlee,Spurr
spoulglais9s@mapquest.com,Syd,Poulglais
cboydell9t@chicagotribune.com,Constance,Boydell
haizikovitz9u@wp.com,Hugo,Aizikovitz
jiannetti9v@histats.com,Jone,Iannetti
fwortt9w@unc.edu,Flore,Wortt
pkent9x@dell.com,Parrnell,Kent
smcclory9y@phpbb.com,Shalne,McClory
fsaphin9z@alibaba.com,Fred,Saphin
gekinsa0@thetimes.co.uk,Gabbie,Ekins
gadamsena1@zdnet.com,Gertrud,Adamsen
dbylesa2@woothemes.com,Dallas,Byles
mfathera3@reverbnation.com,Madalyn,Father
urosebya4@goo.gl,Umberto,Roseby
cgoodeya5@usa.gov,Carolyn,Goodey
lbellingera6@plala.or.jp,Lyssa,Bellinger
rstitsona7@shareasale.com,Reena,Stitson
gjacoxa8@homestead.com,Gualterio,Jacox
mellsea9@intel.com,Monah,Ellse
hdivallaa@ibm.com,Holly-anne,Divall
rmahaddieab@bandcamp.com,Ruggiero,Mahaddie
spaternoac@1688.com,Shanna,Paterno
gbonnyad@economist.com,Gene,Bonny
tbertelmotae@hc360.com,Truda,Bertelmot
wchippindallaf@dell.com,Whit,Chippindall
ggilpinag@japanpost.jp,Glynis,Gilpin
csondlandah@umn.edu,Conrado,Sondland
ptulleyai@newyorker.com,Poppy,Tulley
dshutleraj@cyberchimps.com,Dietrich,Shutler
cclaydenak@elegantthemes.com,Cayla,Clayden
mcozzial@newsvine.com,Malissa,Cozzi
mcrumbleholmeam@imdb.com,Margi,Crumbleholme
efilipsonan@weibo.com,Eberhard,Filipson
bbearao@blogtalkradio.com,Burnard,Bear
erecordap@ihg.com,Ester,Record
dpoetzaq@nytimes.com,Donna,Poetz
zkilroyar@squidoo.com,Zechariah,Kilroy
pgiannottias@netvibes.com,Pippy,Giannotti
dpearmainat@photobucket.com,Derk,Pearmain
atanbyau@i2i.jp,Alair,Tanby
tricketsav@sfgate.com,Trip,Rickets
ashrieveaw@creativecommons.org,Adelina,Shrieve
hridgedellax@bigcartel.com,Hayley,Ridgedell
aduckeray@china.com.cn,Abby,Ducker
dlettyaz@rediff.com,Daron,Letty
bdukerb0@vimeo.com,Brinna,Duker
bapplewhaiteb1@purevolume.com,Bettine,Applewhaite
smiddellb2@scribd.com,Standford,Middell
bpeacherb3@youtu.be,Baird,Peacher
mgerdtsb4@360.cn,Maynord,Gerdts
ktremouletb5@1688.com,Kevyn,Tremoulet
glapidusb6@independent.co.uk,Gerrard,Lapidus
nrosthornb7@dot.gov,Ninette,Rosthorn
bwoofendenb8@wiley.com,Bink,Woofenden
pkauscheb9@dailymotion.com,Pauly,Kausche
mgarbettba@ted.com,Murray,Garbett
dainsleybb@macromedia.com,Duffy,Ainsley
ipapierzbc@dot.gov,Innis,Papierz
ybangerbd@tamu.edu,Yalonda,Banger
dgerybe@addthis.com,Derrek,Gery
clightenbf@samsung.com,Constantin,Lighten
dvailbg@skype.com,Domenic,Vail
obeebisbh@homestead.com,Opal,Beebis
cmacdavittbi@lulu.com,Catha,MacDavitt
moscannillbj@msn.com,Margarita,O'Scannill
hverrechiabk@networkadvertising.org,Helge,Verrechia
tfendtbl@ox.ac.uk,Thomasa,Fendt
gantrackbm@vk.com,Gorden,Antrack
efranschinibn@aboutads.info,Eugen,Franschini
fortbo@delicious.com,Fey,Ort
dshakeladebp@oaic.gov.au,Dianemarie,Shakelade
cjobebq@webnode.com,Celestyna,Jobe
cdhooghebr@smugmug.com,Colleen,D'Hooghe
scrosselandbs@blogspot.com,Sigismond,Crosseland
rcoltartbt@163.com,Reginauld,Coltart
jblackallerbu@vimeo.com,Jenica,Blackaller
rhessbv@cdc.gov,Rochette,Hess
ffebvrebw@cbslocal.com,Fan,Febvre
knutbeanbx@4shared.com,Katti,Nutbean
bswalteridgeby@trellian.com,Brigitta,Swalteridge
jstedallbz@ucla.edu,Jeno,Stedall
reppsonc0@geocities.com,Roshelle,Eppson
apettigreec1@ft.com,Aurthur,Pettigree
sfonec2@canalblog.com,Sky,Fone
ebeningfieldc3@over-blog.com,Elsinore,Beningfield
mbrisbanec4@e-recht24.de,Milka,Brisbane
nunwinc5@123-reg.co.uk,Nata,Unwin
tkilfedderc6@marriott.com,Tucker,Kilfedder
kdurningc7@bloglines.com,Karmen,Durning
dcasarinic8@nature.com,Darelle,Casarini
eantrobusc9@artisteer.com,Elbertina,Antrobus
ikolakowskica@instagram.com,Inessa,Kolakowski
arickardssoncb@devhub.com,Angelica,Rickardsson
dasaafcc@phoca.cz,Devina,Asaaf
rjirancd@aboutads.info,Reinaldo,Jiran
ayegorchenkovce@cisco.com,Adrian,Yegorchenkov
dpennazzicf@dailymail.co.uk,Denver,Pennazzi
saclandcg@ocn.ne.jp,Sarge,Acland
rgurwoodch@tripadvisor.com,Rena,Gurwood
cjimenoci@epa.gov,Cherey,Jimeno
movesencj@delicious.com,Melody,Ovesen
dpoagck@craigslist.org,Danny,Poag
rbreachecl@state.gov,Raine,Breache
mclarkcm@loc.gov,Milka,Clark
krozalskicn@g.co,Ky,Rozalski
btwiggco@sohu.com,Broddy,Twigg
rnasseycp@ehow.com,Reid,Nassey
cagneaucq@ovh.net,Celestina,Agneau
gsieghartcr@intel.com,Goraud,Sieghart
eklimpkecs@skyrock.com,Ericka,Klimpke
tbilyardct@bing.com,Theresina,Bilyard
frodgmancu@google.co.jp,Frederick,Rodgman
pfilyakovcv@odnoklassniki.ru,Pryce,Filyakov
tglyncw@state.gov,Toby,Glyn
ggeraghtycx@vkontakte.ru,Gwennie,Geraghty
gowlnercy@deliciousdays.com,Georgetta,Owlner
jharriscz@miibeian.gov.cn,Johnny,Harris
jgivesd0@nyu.edu,Juli,Gives
ebrogid1@spiegel.de,Elwira,Brogi
hwinspired2@opensource.org,Harald,Winspire
zlardierd3@163.com,Zahara,Lardier
bworrilld4@istockphoto.com,Bondy,Worrill
aollivierred5@nationalgeographic.com,Ambros,Ollivierre
gmcneillyd6@ft.com,Gill,McNeilly
psperlingd7@sina.com.cn,Paloma,Sperling
ldeluciad8@over-blog.com,Livy,Delucia
wbedhamd9@tripod.com,Webb,Bedham
abramptonda@smh.com.au,Alicia,Brampton
fpallydb@is.gd,Felisha,Pally
mgentiledc@merriam-webster.com,Matthus,Gentile
rbrideaudd@pinterest.com,Rubie,Brideau
wgritskovde@eventbrite.com,Wald,Gritskov
elehrahandf@abc.net.au,Ethel,Lehrahan
lohartigandg@narod.ru,Lela,O'Hartigan
sfrisedh@spotify.com,Stephanie,Frise
bspindlerdi@sbwire.com,Brose,Spindler
lkropachdj@typepad.com,Lauren,Kropach
bmakinsondk@europa.eu,Brien,Makinson
lhawkeydl@addthis.com,Lenora,Hawkey
ndetheridgedm@jalbum.net,Nealson,Detheridge
dalawaydn@washingtonpost.com,Daria,Alaway
flloyddo@fc2.com,Felicdad,Lloyd
echampneysdp@is.gd,Etienne,Champneys
lseedsdq@ft.com,Layla,Seeds
wsherynedr@mail.ru,Wilfrid,Sheryne
srumbleds@toplist.cz,Sibelle,Rumble
knewburndt@nyu.edu,Krishnah,Newburn
fcosgrivedu@oracle.com,Fayth,Cosgrive
cekinsdv@mozilla.org,Cacilia,Ekins
kchestledw@businessinsider.com,Kial,Chestle
rmarchingtondx@gizmodo.com,Robenia,Marchington
byoskowitzdy@apache.org,Berkeley,Yoskowitz
pmcneishdz@ed.gov,Pat,McNeish
snewmane0@utexas.edu,Shelton,Newman
eedesone1@cyberchimps.com,Elora,Edeson
lconnachane2@mtv.com,Lem,Connachan
pcowlase3@bloglovin.com,Peirce,Cowlas
hmacclenane4@csmonitor.com,Hamlen,MacClenan
mronaghane5@sciencedirect.com,Moises,Ronaghan
jkulase6@illinois.edu,Jessica,Kulas
tsidawaye7@goodreads.com,Teddie,Sidaway
sdimsdalee8@mysql.com,Stephenie,Dimsdale
gcoultharde9@berkeley.edu,Gregorio,Coulthard
rkubinea@myspace.com,Robers,Kubin
loswaldeb@mozilla.org,Lacy,Oswald
lpossellec@1688.com,Laurie,Possell
amorganed@techcrunch.com,Aleece,Morgan
mskoylesee@independent.co.uk,Myrta,Skoyles
sfiennesef@lycos.com,Stella,Fiennes
rfalkuseg@skype.com,Renie,Falkus
skeenoreh@washingtonpost.com,Sallyanne,Keenor
dmandersonei@technorati.com,Duke,Manderson
ccraiseej@answers.com,Clarita,Craise
cmatterisek@newsvine.com,Chauncey,Matteris
mfautlyel@ed.gov,Mayer,Fautly
agwinnellem@oaic.gov.au,Arlee,Gwinnell
bswinnen@samsung.com,Braden,Swinn
jwainwrighteo@ow.ly,Jeanna,Wainwright
bandrieuep@who.int,Berrie,Andrieu
atrathaneq@hugedomains.com,Anselma,Trathan
mshaeferer@naver.com,Mabelle,Shaefer
eburdfieldes@tmall.com,Ewan,Burdfield
gminocchiet@sun.com,Gerard,Minocchi
gdugganeu@trellian.com,Gui,Duggan
tgrinstonev@nydailynews.com,Theo,Grinston
kdunkerlyew@skyrock.com,Kaja,Dunkerly
cmartynsex@issuu.com,Clarine,Martyns
plileyey@ycombinator.com,Paxton,Liley
dkunez@amazon.de,Dionne,Kun
ibangerf0@fema.gov,Ive,Banger
cwhitingtonf1@shop-pro.jp,Constantia,Whitington
nprobatef2@dropbox.com,Nina,Probate
aluipoldf3@yellowpages.com,Ashlen,Luipold
ibollinf4@boston.com,Ichabod,Bollin
sildenf5@nba.com,Sigismundo,Ilden
bjephsonf6@youtu.be,Blithe,Jephson
pkeuningf7@nsw.gov.au,Pietrek,Keuning
aetonf8@hibu.com,Adrea,Eton
lhakonsenf9@nydailynews.com,Libbey,Hakonsen
umowbrayfa@comsenz.com,Urbanus,Mowbray
kbradburyfb@zdnet.com,Karalynn,Bradbury
nleslyfc@usgs.gov,Nappie,Lesly
bfaulkesfd@wp.com,Buiron,Faulkes
madshadfe@amazon.de,Marna,Adshad
jsimcockff@pen.io,Jasen,Simcock
galabonefg@statcounter.com,Gerianna,Alabone
awroathfh@wordpress.com,Adan,Wroath
ygregoracefi@mozilla.org,Yuma,Gregorace
ndebellfj@bandcamp.com,Nicko,De Bell
ldriesfk@github.com,Larry,Dries
hkingslandfl@loc.gov,Haily,Kingsland
mtregearfm@cbslocal.com,Merell,Tregear
dpaurfn@technorati.com,Derrek,Paur
mberresfordfo@unicef.org,Mufi,Berresford
mgaryfp@ox.ac.uk,Mattie,Gary
epanksfq@pagesperso-orange.fr,Elie,Panks
glowndsboroughfr@parallels.com,Gustav,Lowndsborough
dcadellfs@about.com,Donia,Cadell
kwebbyft@cbslocal.com,Kelsy,Webby
gsloamfu@nydailynews.com,Greer,Sloam
belanfv@ucoz.com,Brewster,Elan
drappafw@thetimes.co.uk,Dare,Rappa
ggrainfx@thetimes.co.uk,Gustav,Grain
nsasserfy@behance.net,Nat,Sasser
krunciefz@xinhuanet.com,Kristi,Runcie
kfeverg0@cnn.com,Killie,Fever
ogenickeg1@prlog.org,Olwen,Genicke
aphilippardg2@wix.com,Alwyn,Philippard
bdunnicog3@cnet.com,Boot,Dunnico
hloughreyg4@webs.com,Harris,Loughrey
cbyngg5@chron.com,Clare,Byng
doseltong6@miibeian.gov.cn,Dunc,Oselton
lpestridgeg7@phpbb.com,Loreen,Pestridge
dendacottg8@netscape.com,Danella,Endacott
hdillingstoneg9@google.ru,Hobard,Dillingstone
rrottcherga@free.fr,Rycca,Rottcher
bslowangb@uol.com.br,Beaufort,Slowan
cblastockgc@feedburner.com,Court,Blastock
fpasfieldgd@jimdo.com,Fred,Pasfield
rperuttoge@de.vu,Reine,Perutto
moloughnangf@msu.edu,Melli,O'Loughnan
morbinegg@wikispaces.com,Milo,Orbine
eyearngh@walmart.com,Eleonore,Yearn
bdelorenzogi@theguardian.com,Brandie,De Lorenzo
wstallebrassgj@cbsnews.com,Winnifred,Stallebrass
mhayersgk@opensource.org,Miran,Hayers
fwillavizegl@feedburner.com,Fransisco,Willavize
spfeuffergm@google.pl,Shawn,Pfeuffer
kboulgergn@xrea.com,Kaile,Boulger
wgorego@networksolutions.com,Winonah,Gore
hcostleygp@cpanel.net,Horace,Costley
ashoulergq@unicef.org,Amos,Shouler
lwheatleygr@geocities.com,Lyndsie,Wheatley
rrustegs@meetup.com,Rowland,Ruste
lannetsgt@mozilla.com,Leena,Annets
dgostykegu@newyorker.com,Dorree,Gostyke
acharvillegv@vistaprint.com,Abby,Charville
edreakingw@google.pl,Earvin,Dreakin
ewisbygx@ifeng.com,Elwin,Wisby
rgabbatissgy@wikimedia.org,Rachel,Gabbatiss
mlyfegz@weebly.com,Madelon,Lyfe
bnarramoreh0@ifeng.com,Bayard,Narramore
ctuerenah1@networkadvertising.org,Crissy,Tuerena
nventamh2@mozilla.com,Nathanial,Ventam
tskechleyh3@sourceforge.net,Tabatha,Skechley
mhousecrafth4@opera.com,Manya,Housecraft
msemkenh5@theatlantic.com,Meredeth,Semken
ywaulkerh6@amazon.co.jp,Yorker,Waulker
jkosiadah7@yahoo.co.jp,Jerry,Kosiada
mahmedh8@is.gd,Madge,Ahmed
mcoverlyh9@elpais.com,Morgen,Coverly
gperellha@cnn.com,Gussie,Perell
cedmotthb@eepurl.com,Cyril,Edmott
marnholdthc@arizona.edu,Maddi,Arnholdt
mroglierohd@cpanel.net,Matthias,Rogliero
zdraytonhe@webnode.com,Zilvia,Drayton
oabramchikhf@netscape.com,Ozzie,Abramchik
awetherickhg@canalblog.com,Augie,Wetherick
tbreslauerhh@altervista.org,Thorvald,Breslauer
sdudgeonhi@prlog.org,Sinclare,Dudgeon
rpeplowhj@biglobe.ne.jp,Ruperto,Peplow
cpeterkinhk@mail.ru,Caralie,Peterkin
cdavidescohl@umich.edu,Corrie,Davidesco
elavillehm@unblog.fr,Enrique,Laville
mbowketthn@cbslocal.com,Millie,Bowkett
lsendleyho@about.me,Laney,Sendley
cgorvettehp@netvibes.com,Connie,Gorvette
mwhibleyhq@arizona.edu,Mercie,Whibley
ademcakhr@earthlink.net,Arden,Demcak
ecoolehs@prnewswire.com,Eugen,Coole
dmcgennht@statcounter.com,Dominick,McGenn
adelahuntyhu@zimbio.com,Ave,Delahunty
klopehv@github.com,Kara,Lope
carkowhw@gravatar.com,Camel,Arkow
pshearmurhx@furl.net,Prue,Shearmur
rcockhillhy@theguardian.com,Raphaela,Cockhill
cdickehz@army.mil,Carleton,Dicke
kroloffi0@yolasite.com,Kirby,Roloff
hboschei1@sciencedirect.com,Hyatt,Bosche
rseargeanti2@pcworld.com,Ricardo,Seargeant
vhollowsi3@yahoo.co.jp,Vida,Hollows
akoschkei4@deviantart.com,Ariela,Koschke
jgolthorppi5@4shared.com,Jess,Golthorpp
jjigglei6@imageshack.us,Jordana,Jiggle
ldionisioi7@clickbank.net,Levon,Dionisio
vmusprati8@wired.com,Viv,Musprat
sbalthasari9@amazon.co.uk,Shelli,Balthasar
nhorribineia@wsj.com,Nonah,Horribine
iohmsib@businessweek.com,Irv,Ohms
cfrigoutic@rakuten.co.jp,Courtenay,Frigout
vbollonid@ted.com,Velma,Bollon
fgarieie@squarespace.com,Felipe,Garie
proscherif@ebay.co.uk,Pammy,Roscher
mmoranig@csmonitor.com,Marleen,Moran
tmccreeryih@rambler.ru,Thaine,McCreery
mripleyii@scribd.com,Michaeline,Ripley
mdrageij@narod.ru,Millie,Drage
hlarmourik@cloudflare.com,Hartley,Larmour
kspentonil@google.it,Kelvin,Spenton
pbutterickim@freewebs.com,Petronella,Butterick
ajackin@time.com,Annalee,Jack
fcroalio@ask.com,Frederica,Croal
smowlamip@craigslist.org,Shelia,Mowlam
rmacnishiq@youtu.be,Roscoe,MacNish
skeableir@marketwatch.com,Svend,Keable
acawdellis@ebay.co.uk,Ario,Cawdell
tkinlockit@fastcompany.com,Trixie,Kinlock
wmcveeiu@shop-pro.jp,Whittaker,McVee
hrandersoniv@google.it,Hodge,Randerson
nbrunningiw@surveymonkey.com,Nari,Brunning
hchristescuix@blinklist.com,Heywood,Christescu
aegginsiy@ucoz.ru,Anthiathia,Eggins
cgoskariz@smh.com.au,Claudine,Goskar
jtittletrossj0@cyberchimps.com,Jessy,Tittletross
cruckj1@msu.edu,Christos,Ruck
growcliffej2@umn.edu,Gideon,Rowcliffe
kwayej3@oaic.gov.au,Kat,Waye
gcaviej4@mlb.com,Gillian,Cavie
cvennyj5@gnu.org,Catrina,Venny
bhopkinsj6@comsenz.com,Berenice,Hopkins
ibirdwistlej7@accuweather.com,Iorgo,Birdwistle
drevittj8@google.co.uk,Domingo,Revitt
egiorgeschij9@zimbio.com,Enoch,Giorgeschi
jbuffinja@surveymonkey.com,Jacynth,Buffin
rcettelljb@chronoengine.com,Rebbecca,Cettell
sfindersjc@omniture.com,Sanderson,Finders
mbeceriljd@imdb.com,Margeaux,Beceril
dstoodleyje@ft.com,Domenic,Stoodley
jmclesejf@toplist.cz,Jess,McLese
mdederichjg@studiopress.com,Mendy,Dederich
bkeenleysidejh@a8.net,Barbie,Keenleyside
ctolleyji@sun.com,Coreen,Tolley
talflattjj@github.io,Terrye,Alflatt
kwhitelockjk@shutterfly.com,Kirstin,Whitelock
csyddiejl@symantec.com,Caressa,Syddie
mdossettjm@yahoo.co.jp,Marieann,Dossett
rthrustlejn@ucoz.com,Roy,Thrustle
mschleswigholsteinjo@acquirethisname.com,Madalena,Schleswig-Holstein
hmacgregorjp@g.co,Hardy,MacGregor
sstoffelsjq@wordpress.com,Spike,Stoffels
aheyneljr@diigo.com,Analiese,Heynel
aattwelljs@epa.gov,Amelia,Attwell
jwerrilowjt@walmart.com,Jourdan,Werrilow
mdenisoju@t.co,Mirella,Deniso
hdranjv@webnode.com,Homerus,Dran
braltonjw@globo.com,Brod,Ralton
lcalenderjx@ifeng.com,Loreen,Calender
cgreedyjy@soup.io,Carlina,Greedy
msimsonjz@loc.gov,Mill,Simson
ascottinik0@printfriendly.com,Arline,Scottini
sjohannesk1@samsung.com,Steffi,Johannes
lgudahyk2@ihg.com,Lovell,Gudahy
rdrayek3@ft.com,Romy,Draye
tburchillk4@marketwatch.com,Tonie,Burchill
zlisciardellik5@harvard.edu,Zabrina,Lisciardelli
pboudk6@wiley.com,Portie,Boud
teborallk7@istockphoto.com,Tani,Eborall
ejonek8@zdnet.com,Erek,Jone
ymerank9@google.nl,Yolande,Meran
qlovettka@time.com,Queenie,Lovett
bbleimankb@paypal.com,Bryna,Bleiman
bjindrakkc@google.cn,Babita,Jindrak
dgarcikd@wikia.com,Darby,Garci
tghiroldike@state.tx.us,Torie,Ghiroldi
zandreuccikf@t-online.de,Zahara,Andreucci
nmelloikg@amazon.com,Nomi,Melloi
thayerskh@php.net,Thornie,Hayers
mhargesski@trellian.com,Martina,Hargess
ckemsonkj@opensource.org,Camey,Kemson
jgladerkk@tiny.cc,Jules,Glader
khackfordkl@elpais.com,Kate,Hackford
ddimmnekm@clickbank.net,Darrelle,Dimmne
nyarrantonkn@nps.gov,Nadia,Yarranton
idornko@geocities.jp,Isiahi,Dorn
probertuccikp@goodreads.com,Parnell,Robertucci
mponcetkq@seattletimes.com,Morty,Poncet
dpeevorkr@1und1.de,Dominik,Peevor
radamovskyks@reddit.com,Rebecca,Adamovsky
dbrennonkt@pen.io,Danila,Brennon
lstronachku@ibm.com,Lurette,Stronach
tcrankhornkv@oracle.com,Tildie,Crankhorn
jcowlkw@cargocollective.com,Janek,Cowl
csteaningkx@twitter.com,Clarie,Steaning
dphilipartky@ucoz.com,Darrell,Philipart
tmaffiakz@salon.com,Turner,Maffia
echestneyl0@about.me,Eduino,Chestney
lmatczakl1@go.com,Lenci,Matczak
mmatchittl2@washingtonpost.com,Moishe,Matchitt
tgaskoinl3@about.com,Tera,Gaskoin
dvereckerl4@spotify.com,Dallas,Verecker
mgwinl5@exblog.jp,Mordecai,Gwin
qredierl6@imgur.com,Querida,Redier
slewryl7@eventbrite.com,Salli,Lewry
obraxtonl8@ezinearticles.com,Ogdon,Braxton
hbrigstockl9@thetimes.co.uk,Hernando,Brigstock
gbaynomla@house.gov,Gaultiero,Baynom
ppearceylb@hostgator.com,Pascale,Pearcey
scaplanlc@linkedin.com,Suzy,Caplan
sarmisteadld@google.co.jp,Shell,Armistead
acarlsenle@google.ca,Annabel,Carlsen
locurneenlf@ameblo.jp,Leonidas,O'Curneen
gwikeylg@taobao.com,Georgy,Wikey
scasonelh@myspace.com,Steffane,Casone
smcfaellli@pagesperso-orange.fr,Siobhan,McFaell
bhatonlj@chron.com,Batsheva,Haton
dmcphaterlk@ihg.com,Dela,McPhater
jchamleyll@senate.gov,Jesse,Chamley
nheitonlm@t.co,Nellie,Heiton
cburkeln@is.gd,Cash,Burke
jyoungslo@blogger.com,Josefina,Youngs
bbannermanlp@princeton.edu,Brynn,Bannerman
aroxbroughlq@economist.com,Alessandro,Roxbrough
gblondelllr@edublogs.org,Gustavo,Blondell
tlightls@nyu.edu,Thelma,Light
rvanyakinlt@cocolog-nifty.com,Rozanna,Vanyakin
hadanlu@acquirethisname.com,Hermine,Adan
mwimmerlv@uiuc.edu,Marven,Wimmer
pstricklw@theglobeandmail.com,Philis,Strick
divanuschkalx@canalblog.com,Denis,Ivanuschka
pallettly@scientificamerican.com,Philip,Allett
nmcgeachylz@whitehouse.gov,Norman,McGeachy
cpawelm0@howstuffworks.com,Chantalle,Pawel
rbyromm1@gnu.org,Rubi,Byrom
hhawkem2@yahoo.co.jp,Henrieta,Hawke
bpuigm3@friendfeed.com,Bart,Puig
mmeinsm4@rediff.com,Moises,Meins
jdossettorm5@addtoany.com,Johny,Dossettor
rbartheletm6@columbia.edu,Rosalyn,Barthelet
adenerleym7@bing.com,Angela,Denerley
khollowm8@flickr.com,Kathi,Hollow
hattwellm9@slideshare.net,Harli,Attwell
fvisickma@marketwatch.com,Flossi,Visick
schichgarmb@jimdo.com,Sophie,Chichgar
etomsumc@imageshack.us,Edeline,Tomsu
rlinningmd@comcast.net,Reggy,Linning
rsofeme@opera.com,Reuben,Sofe
bdarlingmf@cam.ac.uk,Brita,Darling
scolebournmg@chron.com,Shelby,Colebourn
mjoskowiczmh@msn.com,Myrtice,Joskowicz
acraxfordmi@epa.gov,Allie,Craxford
cexcellmj@nps.gov,Camey,Excell
lkrysiakmk@sakura.ne.jp,Lenee,Krysiak
gcrookml@jigsy.com,Gusty,Crook
dtriggelmm@arstechnica.com,Dedra,Triggel
nruscoemn@va.gov,Noell,Ruscoe
sgrimwademo@t-online.de,Stephan,Grimwade
dmajurymp@sourceforge.net,Dietrich,Majury
jeastbymq@sina.com.cn,Jarrod,Eastby
ksharvellmr@fema.gov,Kessia,Sharvell
fhovingtonms@hatena.ne.jp,Frasquito,Hovington
jsanchomt@yale.edu,Juditha,Sancho
mbelchambermu@amazon.com,Monika,Belchamber
gprozesckymv@behance.net,Gaynor,Prozescky
cbuglermw@deviantart.com,Cale,Bugler
opyvismx@reddit.com,Ossie,Pyvis
mversonmy@pbs.org,Muriel,Verson
fjezzardmz@msu.edu,Freddy,Jezzard
rbaccusn0@usda.gov,Ruben,Baccus
msteinn1@bing.com,Maggi,Stein
stallantn2@sun.com,Sherlock,Tallant
egaddasn3@angelfire.com,Erika,Gaddas
gcastagnan4@etsy.com,Godwin,Castagna
ctitfordn5@columbia.edu,Cybill,Titford
rbumpasn6@webmd.com,Randolph,Bumpas
lisakovitchn7@ezinearticles.com,Lindon,Isakovitch
jlundbergn8@odnoklassniki.ru,Joachim,Lundberg
omarunchakn9@imageshack.us,Oriana,Marunchak
anorwayna@adobe.com,Antoinette,Norway
ktuftinnb@archive.org,Keslie,Tuftin
rbuggenc@so-net.ne.jp,Ragnar,Bugge
gkuhnertnd@canalblog.com,Glynda,Kuhnert
mcollimorene@ibm.com,Mellisa,Collimore
rlongmeadnf@prlog.org,Renae,Longmead
kkevernng@squarespace.com,Kerrin,Kevern
babrahamssonnh@businesswire.com,Berke,Abrahamsson
dgrishukhinni@cam.ac.uk,Donalt,Grishukhin
djosipovicnj@webnode.com,Dulcie,Josipovic
wcoultassnk@4shared.com,Wain,Coultass
jstorrahnl@homestead.com,Joseph,Storrah
ecamilionm@ftc.gov,Elset,Camilio
bcampbelldunlopnn@chron.com,Brannon,Campbell-Dunlop
crowlinsonno@dmoz.org,Currie,Rowlinson
anickolesnp@dropbox.com,Amandy,Nickoles
mwaudbynq@shop-pro.jp,Michaelina,Waudby
lbigginnr@parallels.com,Lilith,Biggin
rgovenlockns@timesonline.co.uk,Richart,Govenlock
cdomeknt@google.co.uk,Christy,Domek
feadienu@artisteer.com,Felike,Eadie
agautreynv@eepurl.com,Alisun,Gautrey
wzellnernw@bloomberg.com,Wilhelmina,Zellner
hmacnameenx@angelfire.com,Humbert,MacNamee
vvaadelandny@ebay.com,Vivianna,Vaadeland
bmccaddennz@scribd.com,Bliss,McCadden
pmatysiko0@wikimedia.org,Pearle,Matysik
dsimkoo1@hud.gov,Darbie,Simko
mgulko2@unesco.org,Mayer,Gulk
pstolleryo3@wikispaces.com,Pattie,Stollery
dwolseleyo4@hp.com,Dov,Wolseley
ccleynaerto5@1688.com,Carmina,Cleynaert
kbouldingo6@zimbio.com,Kenny,Boulding
kollieo7@photobucket.com,Karlan,Ollie
adadamoo8@umn.edu,Alden,D'Adamo
sdebiaggio9@umich.edu,Sonny,De Biaggi
dtosdevinoa@multiply.com,Dino,Tosdevin
cpimmockeob@photobucket.com,Cindelyn,Pimmocke
cblazaoc@cnet.com,Cosimo,Blaza
bwinsomeod@skype.com,Benedick,Winsome
vtregensoeoe@google.cn,Vania,Tregensoe
ghounsonof@soup.io,Grenville,Hounson
cedisonog@jiathis.com,Caritta,Edison
mambrozoh@simplemachines.org,Myrlene,Ambroz
urambautoi@slashdot.org,Uriel,Rambaut
srubinowiczoj@reddit.com,Seamus,Rubinowicz
lmelsomok@diigo.com,Lisette,Melsom
mvarvaraol@trellian.com,Meyer,Varvara
fsuartom@blogtalkradio.com,Franky,Suart
rjakeson@wired.com,Robers,Jakes
lrigebyoo@twitter.com,Lyn,Rigeby
mgeerlingop@usgs.gov,Matthew,Geerling
fbridewelloq@skyrock.com,Fair,Bridewell
aridwoodor@smugmug.com,Adrienne,Ridwood
lclayworthos@washingtonpost.com,Laurie,Clayworth
alieot@ehow.com,Anthia,Lie
cjanczykou@wisc.edu,Cammi,Janczyk
cbewshawov@cisco.com,Cletus,Bewshaw
rwickwarthow@mayoclinic.com,Rosalinda,Wickwarth
ecoronadoox@japanpost.jp,Ethan,Coronado
smccrawoy@forbes.com,Sylvester,McCraw
agresleyoz@hexun.com,Antony,Gresley
cfrancescp0@typepad.com,Carri,Francesc
cpalkep1@printfriendly.com,Clywd,Palke
adougillp2@netlog.com,Amalee,Dougill
aklewip3@google.com.au,Albertine,Klewi
clowbridgep4@google.co.jp,Cordy,Lowbridge
statlowep5@mashable.com,Sandie,Tatlowe
cmcginlyp6@ask.com,Claiborn,McGinly
evarfalameevp7@hostgator.com,Emili,Varfalameev
ncrombleholmep8@ow.ly,Nissie,Crombleholme
strillowp9@gravatar.com,Sybille,Trillow
jschrinelpa@lulu.com,Jackson,Schrinel
blocardpb@angelfire.com,Byrann,Locard
smorillapc@theglobeandmail.com,Shanon,Morilla
ralredpd@baidu.com,Renell,Alred
clungepe@psu.edu,Cecily,Lunge
rnettingpf@berkeley.edu,Regan,Netting
ascotfordpg@163.com,Allene,Scotford
abirchallph@friendfeed.com,Adair,Birchall
gdellcasapi@blinklist.com,Gabrila,Dell Casa
rmowettpj@facebook.com,Rafe,Mowett
jcabanepk@artisteer.com,Joyann,Cabane
ctarbattpl@nydailynews.com,Cordy,Tarbatt
reacottpm@boston.com,Robby,Eacott
gwickendenpn@google.de,Giustina,Wickenden
fgunpo@ucla.edu,Fair,Gun
rspinckepp@google.ru,Rolph,Spincke
ndematteispq@timesonline.co.uk,Nikolia,De Matteis
cmuffpr@google.com.br,Cornie,Muff
tmeddemmenps@bizjournals.com,Theodor,Meddemmen
lovizept@xinhuanet.com,Land,Ovize
rcholmondeleypu@alibaba.com,Roselin,Cholmondeley
mkybbyepv@weebly.com,Manolo,Kybbye
lsearlespw@goo.gl,Laryssa,Searles
tvalepx@cafepress.com,Tabby,Vale
bsimonepy@exblog.jp,Bree,Simone
rzumfeldepz@ihg.com,Reidar,Zum Felde
cwoolwayq0@prnewswire.com,Christye,Woolway
mtolossiq1@seesaa.net,Melosa,Tolossi
mgeikieq2@discovery.com,Myrta,Geikie
mheakq3@e-recht24.de,Mariette,Heak
hlepopeq4@nymag.com,Helenelizabeth,Lepope
ospaxmanq5@yahoo.com,Oona,Spaxman
gtutingq6@ihg.com,Georg,Tuting
icullrfordq7@uiuc.edu,Isis,Cullrford
mbushellq8@vinaora.com,Muire,Bushell
ywiltonq9@weebly.com,Yoshiko,Wilton
zcaruthqa@samsung.com,Zebedee,Caruth
fpinyonqb@buzzfeed.com,Faustine,Pinyon
bplumsteadqc@narod.ru,Brook,Plumstead
rbereqd@google.es,Rich,Bere
jomaileyqe@mit.edu,Joshuah,O'Mailey
cgatecliffqf@soundcloud.com,Cathleen,Gatecliff
dprosekqg@bluehost.com,Den,Prosek
mflowerdewqh@twitter.com,Marten,Flowerdew
phawlgarthqi@nbcnews.com,Prue,Hawlgarth
rrealphqj@zimbio.com,Raimundo,Realph
bmandevilleqk@woothemes.com,Bambi,Mandeville
clarnql@deliciousdays.com,Christalle,Larn
zhackneyqm@netvibes.com,Zebedee,Hackney
ymcalindenqn@shinystat.com,Yancy,McAlinden
bcastardqo@zdnet.com,Blondelle,Castard
bdriverqp@techcrunch.com,Belita,Driver
avardieqq@soundcloud.com,Adair,Vardie
nperryqr@msn.com,Neron,Perry
apadefieldqs@ycombinator.com,Annadiana,Padefield
rpringellqt@microsoft.com,Rori,Pringell
ehaughianqu@europa.eu,Ethel,Haughian
tgoudieqv@cbslocal.com,Tallia,Goudie
dmewsqw@examiner.com,Desmond,Mews
jcassamqx@vk.com,Janeta,Cassam
kchyuertonqy@spiegel.de,Kanya,Chyuerton
lmcgeouchqz@abc.net.au,Linnie,McGeouch
aseymourr0@addtoany.com,Alanson,Seymour
ototherr1@apple.com,Olivero,Tother
gpavlishchevr2@telegraph.co.uk,Garth,Pavlishchev
wswainer3@studiopress.com,Walther,Swaine
saldiner4@gravatar.com,Sylvester,Aldine
wparlourr5@mac.com,Wilburt,Parlour
gwainscotr6@kickstarter.com,Guss,Wainscot
bvolettr7@reddit.com,Bambie,Volett
lpryder8@hc360.com,Louis,Pryde
lomrodr9@over-blog.com,Letty,Omrod
lneachellra@eventbrite.com,Lew,Neachell
aaccumrb@paginegialle.it,Ambur,Accum
kshemeltrc@newsvine.com,Korella,Shemelt
mcleatonrd@icq.com,Man,Cleaton
bhealeasre@wisc.edu,Bonnee,Healeas
msoreyrf@timesonline.co.uk,Martainn,Sorey
dnorthwayrg@lulu.com,Delmar,Northway
sstirlingrh@cnbc.com,Stanislaus,Stirling
tgiffenri@furl.net,Terri-jo,Giffen
cwhiffrj@aboutads.info,Caldwell,Whiff
hsmidmoorrk@ed.gov,Hilton,Smidmoor
jriggrl@latimes.com,Jorge,Rigg
scallaghanrm@jimdo.com,Sherilyn,Callaghan
gsmallesrn@flickr.com,Gun,Smalles
wheeneyro@domainmarket.com,Wang,Heeney
stodhunterrp@scientificamerican.com,Sharai,Todhunter
sbartkerq@thetimes.co.uk,Suki,Bartke
vhambricrr@blog.com,Van,Hambric
